SampleID	CONTIG COUNT	TOTAL LENGTH	MIN	MAX	MEDIAN	MEAN	L50	N50	L90	N90	BUSCO_Complete	BUSCO_Single	BUSCO_Duplicate	BUSCO_Fragmented	BUSCO_Missing	BUSCO_NumGenes	GC%
Aquanectria_penicillioides_NNIBRFG19	13	53763490	17759	8280041	4037603	4135653.08	4	4932896	9	3509801	93.9	93.2	0.7	3.2	2.9	3817	NA
Beauveria_bassiana_ARSEF_2860	237	33697794	1004	2084429	12383	142184.78	13	729568	54	101529	97.8	97.5	0.3	0.7	1.5	3817	NA
Calonectria_aciculata_CMW_47645	221	61591905	644	3424287	143619	278696.40	25	675778	107	144823	98.1	97.0	1.1	0.4	1.5	3817	NA
Calonectria_crousiana_CMW_27249	358	58070719	513	1623812	77035	162208.71	46	419924	156	98883	98.1	97.1	1.0	0.3	1.6	3817	NA
Calonectria_fujianensis_CMW_27257	194	61451901	506	3277375	173559	316762.38	24	695013	91	195682	98.3	97.2	1.1	0.4	1.3	3817	NA
Calonectria_henricotiae_CB077	5907	47536833	471	92147	4033	8047.54	833	17113	2880	4285	92.8	92.2	0.6	3.1	4.1	3817	NA
Calonectria_honghensis_CMW_47669	141	61741299	580	4986760	206680	437881.55	19	1034491	59	296421	98.1	97.0	1.1	0.4	1.5	3817	NA
Calonectria_ilicicola_ZJHZ01	301	70355806	3033	2339011	73379	233740.22	29	697969	113	144652	98.2	97.1	1.1	0.3	1.5	3817	NA
Calonectria_leucothoes_CBS_109166	3373	63064363	445	1302714	845	18696.82	75	253333	277	47913	98.0	96.8	1.2	0.4	1.6	3817	NA
Calonectria_naviculata_CBS_101121	5768	65719141	500	789952	1452	11393.75	297	55957	1427	6698	97.5	96.3	1.2	1.0	1.5	3817	NA
Calonectria_pseudonaviculata_CBS_139395	27	54975240	1279	5578780	1857691	2036120.00	7	3534399	15	1743242	98.1	97.5	0.6	0.3	1.6	3817	NA
Calonectria_pseudoreteaudii_YA51	494	63692547	501	5148149	1328	128932.28	14	1316248	57	261401	98.3	97.4	0.9	0.2	1.5	3817	NA
Calonectria_pseudoturangicola_CMW_47496	155	62053862	563	2215269	186203	400347.50	22	875482	70	266541	98.4	97.2	1.2	0.4	1.2	3817	NA
Coccinonectria_pachysandricola_JAC16-16	359	25704665	506	1289737	2908	71600.74	18	390316	66	114862	98.0	97.8	0.2	0.3	1.7	3817	NA
Corinectria_fuckeliana_IMI_342667	1399	39014740	500	462098	5349	27887.59	127	95927	459	19234	98.1	97.7	0.4	0.4	1.5	3817	NA
Cylindrocarpon_cylindroides_NRRL_22505	2140	44312118	405	273606	10323	20706.60	279	45056	1016	11581	96.8	96.3	0.5	1.3	1.9	3817	NA
Cylindrodendrum_hubeiense_IHI_201604	1038	48811092	1342	748395	25266	47024.17	143	85271	569	22432	96.3	95.5	0.8	1.5	2.2	3817	NA
Dactylonectria_macrodidyma_JAC_15-245	911	57996413	1009	1533535	8922	63662.36	48	336383	229	35453	98.3	97.2	1.1	0.2	1.5	3817	NA
Dactylonectria_torresensis_BV-666	2598	65327907	1000	402120	5481	25145.46	188	98034	887	10969	97.7	95.9	1.8	0.3	2.0	3817	NA
Fusarium_acaciae-mearnsii_NRRL_26754	784	36763102	502	604413	8153	46891.71	73	147769	255	36936	97.4	97.1	0.3	0.9	1.7	3817	NA
Fusarium_acuminatum_F829	4438	46868008	344	180105	2187	10560.61	353	38483	1528	5115	94.6	94.2	0.4	2.5	2.9	3817	NA
Fusarium_acutatum_NRRL_13308	982	43327976	502	429396	14781	44122.18	107	116016	384	27476	98.1	97.7	0.4	0.5	1.4	3817	NA
Fusarium_agapanthi_NRRL_31653	2350	41300597	466	244519	7181	17574.72	277	43289	990	11245	97.4	97.2	0.2	0.9	1.7	3817	48.50
Fusarium_agapanthi_NRRL_54464	1842	41955053	492	304831	6885	22776.90	188	65958	685	15430	98.0	97.9	0.1	0.7	1.3	3817	NA
Fusarium_albidum_NRRL_22152	5413	36878855	263	110762	3924	6813.02	832	12632	3002	3266	90.7	90.3	0.4	5.1	4.2	3817	NA
Fusarium_albosuccineum_NRRL_20459	4197	50867201	484	162524	7206	12119.90	658	23353	2241	6439	96.7	96.1	0.6	1.3	2.0	3817	NA
Fusarium_algeriense_NRRL_66648	3323	49991184	385	344874	3925	15043.99	283	50630	1234	7385	97.5	96.9	0.6	1.2	1.3	3817	NA
Fusarium_ambrosium_NRRL_20438	1366	49042336	418	497236	6574	35902.15	120	121643	450	24486	97.4	96.9	0.5	0.8	1.8	3817	NA
Fusarium_anguioides_NRRL_25385	743	38873566	485	594052	29432	52319.74	105	110646	365	30375	98.1	97.9	0.2	0.5	1.4	3817	NA
Fusarium_anthophilum_NRRL_25214	1118	45757352	500	684234	9669	40927.86	110	124798	386	28507	97.9	97.5	0.4	0.7	1.4	3817	NA
Fusarium_armeniacum_NRRL_25141	429	37088963	457	1525898	15195	86454.46	44	279047	145	75622	98.1	97.9	0.2	0.7	1.2	3817	NA
Fusarium_armeniacum_NRRL_6227	599	37335848	474	656529	32371	62330.30	85	138382	269	41078	97.8	97.5	0.3	0.7	1.5	3817	48.24
Fusarium_asiaticum_NRRL6101	265	36526733	200	2245598	3232	137836.73	11	1087375	47	157108	98.4	98.2	0.2	0.3	1.3	3817	NA
Fusarium_asiaticum_NRRL_26156	490	36487593	494	901884	35446	74464.48	62	179368	216	43594	98.2	97.9	0.3	0.4	1.4	3817	48.29
Fusarium_austroafricanum_NRRL_53441	1963	45682287	400	489633	4087	23271.67	163	86343	607	15600	97.6	97.4	0.2	0.9	1.5	3817	NA
Fusarium_austroamericanum_28FRS	534	37493783	200	2179339	1566	70213.08	25	442120	89	105769	98.2	97.9	0.3	0.4	1.4	3817	NA
Fusarium_avenaceum_FaLH27	78	43168069	202	6460479	8939	553436.78	5	4137638	11	1303881	98.4	98.0	0.4	0.2	1.4	3817	NA
Fusarium_avenaceum_NRRL_54939	83	41590745	602	4337333	87038	501093.31	10	1436644	27	424894	98.3	98.0	0.3	0.3	1.4	3817	48.44
Fusarium_aywerte_NRRL_25410	911	36046391	428	419468	12304	39567.94	102	111181	341	29658	97.6	97.4	0.2	0.7	1.7	3817	NA
Fusarium_azukicola_NRRL_54364	32428	51307981	200	57355	699	1582.21	4178	3382	17236	619	56.0	55.5	0.5	23.0	21.0	3817	NA
Fusarium_babinda_NRRL_25533	1090	43779518	501	565765	11363	40164.70	121	110403	405	27094	98.0	97.4	0.6	0.7	1.3	3817	NA
Fusarium_babinda_NRRL_25539	2053	42851328	501	225191	10321	20872.54	290	43995	970	11936	96.9	96.5	0.4	1.3	1.8	3817	48.27
Fusarium_bactridioides_NRRL_66639	1826	42869842	491	309689	12175	23477.46	253	50569	858	13852	97.5	97.2	0.3	1.1	1.4	3817	NA
Fusarium_begoniae_NRRL_25300	1002	43933904	499	548605	20792	43846.21	134	98470	443	28179	97.8	97.4	0.4	0.8	1.4	3817	NA
Fusarium_beomiforme_NRRL_25174	1868	46521357	499	472511	5969	24904.37	163	77355	648	14400	98.2	97.6	0.6	0.6	1.2	3817	NA
Fusarium_brasilicum_NRRL_31281	627	36834916	538	491819	27145	58747.87	85	130834	278	37719	98.0	97.7	0.3	0.6	1.4	3817	NA
Fusarium_brasiliense_NRRL_31757	22229	49382781	200	56976	805	2221.55	2453	5525	10291	970	68.1	67.7	0.4	18.4	13.5	3817	NA
Fusarium_brevicatenulatum_NRRL_25447	1763	42451739	484	346657	9469	24079.26	212	61030	712	16022	97.3	97.1	0.2	1.1	1.6	3817	NA
Fusarium_buharicum_NRRL_13371	1515	36065887	485	338879	8104	23805.87	176	61447	588	15616	97.3	96.9	0.4	1.2	1.5	3817	NA
Fusarium_bulbicola_NRRL_25176	1719	43605813	477	336528	13509	25366.97	246	55043	826	14881	98.1	97.8	0.3	0.7	1.2	3817	NA
Fusarium_burgessii_NRRL_66654	3437	49328922	481	327994	3246	14352.32	230	58099	1200	6736	97.9	97.2	0.7	0.8	1.3	3817	NA
Fusarium_buxicola_NRRL_36148	1868	35238955	486	316232	7674	18864.54	227	44995	780	12169	96.3	96.0	0.3	1.4	2.3	3817	NA
Fusarium_caatingaense_NRRL_66470	1238	37767185	483	348780	5479	30506.61	127	92633	426	25001	96.6	96.3	0.3	1.5	1.9	3817	NA
Fusarium_camptoceras_NRRL_13381	467	36761704	511	1523033	20490	78718.85	44	218122	162	63798	97.5	97.2	0.3	0.9	1.6	3817	NA
Fusarium_cerealis_Fcer1134NY13	3537	37215035	452	135322	7367	10521.64	672	16895	2145	5443	88.4	88.1	0.3	7.2	4.4	3817	NA
Fusarium_cf._aywerte_EtdFoc-240	272	40249080	300	2366212	10159	147974.56	17	778407	55	196808	97.8	97.6	0.2	0.5	1.7	3817	NA
Fusarium_cf._falciforme_EtdFoc-186	1515	59296905	299	1124712	3532	39139.87	49	361703	266	27261	98.0	97.0	1.0	0.6	1.4	3817	NA
Fusarium_cf._hostae_EthFoc-23	2310	54211596	298	747295	3361	23468.22	112	133317	586	12299	97.6	96.9	0.7	0.9	1.5	3817	NA
Fusarium_cf._nygamai_EthFoc-DSP1	22007	44711280	298	38093	1388	2031.68	4358	3047	14547	940	29.6	29.5	0.1	21.6	48.8	3817	NA
Fusarium_cf._solani_EtdFoc-155	1944	55022385	301	1487188	2253	28303.70	45	340240	287	17473	97.9	96.7	1.2	0.5	1.6	3817	NA
Fusarium_cf._verticillioides_EthFoc-133	360	42665356	305	842492	55847	118514.88	48	269882	155	79638	97.8	97.6	0.2	0.8	1.4	3817	NA
Fusarium_chlamydosporum_NRRL_13444	504	37919972	502	1108604	25375	75238.04	51	196107	193	50626	97.6	97.2	0.4	0.7	1.7	3817	NA
Fusarium_circinatum_FSP_34	422	43949211	500	6191809	889	104145.05	5	4141359	10	2372785	94.1	93.8	0.3	3.2	2.7	3817	NA
Fusarium_circinatum_NRRL_25331	1223	42615541	474	529778	9943	34845.09	134	96195	449	24983	98.1	97.8	0.3	0.7	1.2	3817	48.61
Fusarium_citri_NRRL_66334	445	37871789	509	909396	23407	85105.14	46	242401	159	66408	97.5	97.2	0.3	0.8	1.7	3817	NA
Fusarium_clavum_NRRL_66337	854	38600640	486	592102	8025	45199.81	75	152612	275	33217	97.5	97.1	0.4	1.0	1.5	3817	NA
Fusarium_coffeatum_FIESC_28	550	37769732	1014	610012	29185	68672.24	75	166659	241	39493	98.2	98.0	0.2	0.4	1.4	3817	NA
Fusarium_coicis_NRRL_66233	1267	42721782	479	389107	14671	33718.85	151	83421	547	21163	97.4	97.2	0.2	1.1	1.5	3817	NA
Fusarium_commune_JCM_11502	19	46178503	992	6424668	2632321	2430447.53	5	4590821	10	2632321	98.4	97.9	0.5	0.4	1.2	3817	NA
Fusarium_commune_NRRL_28387	1931	48125757	453	623401	6019	24922.71	152	90731	653	14086	97.8	97.2	0.6	0.8	1.4	3817	48.10
Fusarium_compactum_NRRL_13829	516	37864504	515	683888	32242	73380.82	67	171223	218	47454	98.0	97.6	0.4	0.6	1.4	3817	NA
Fusarium_concentricum_NRRL_25181	629	43124130	500	709535	32823	68559.83	83	161347	279	44296	97.9	97.6	0.3	0.8	1.3	3817	NA
Fusarium_concolor_NRRL_13459	3171	49597792	462	319158	4336	15641.06	248	54123	1215	7307	98.0	97.3	0.7	0.7	1.3	3817	NA
Fusarium_continuum_NRRL_66286	2038	38094324	500	230572	8777	18692.01	272	42224	989	9241	97.8	97.5	0.3	0.7	1.5	3817	NA
Fusarium_cortaderiae_1FP	573	37336102	200	1413407	1472	65158.99	31	420061	102	89529	98.3	98.1	0.2	0.3	1.4	3817	NA
Fusarium_culmorum_UK99	6	41928875	1834517	11803652	7957372	6988145.83	2	9183391	5	3208310	96.5	96.4	0.1	1.3	2.2	3817	NA
Fusarium_cuneirostrum_NRRL_31157	18692	49007756	200	80560	528	2621.86	1672	8432	6705	1207	87.6	87.0	0.6	8.2	4.2	3817	NA
Fusarium_cyanostomum_NRRL_53998	2002	38352355	471	382910	5173	19157.02	218	52889	751	13577	96.6	96.2	0.4	1.5	1.9	3817	NA
Fusarium_decemcellulare_NRRL_13412	3482	53686487	239	214938	7256	15418.29	463	35459	1630	8476	95.3	94.5	0.8	2.1	2.6	3817	NA
Fusarium_delphinioides_NRRL36160	1020	34743544	500	471236	14014	34062.30	119	83569	436	21628	98.2	98.0	0.2	0.5	1.3	3817	48.84
Fusarium_denticulatum_NRRL_25311	909	43161494	478	664916	22384	47482.39	122	109226	399	30528	97.6	97.4	0.2	0.8	1.6	3817	NA
Fusarium_dimerum_NRRL_20691	2223	37608502	317	463026	4271	16917.90	213	52430	787	10577	97.5	97.2	0.3	0.7	1.8	3817	NA
Fusarium_dlaminii_NRRL_13164	484	44062281	200	1732282	7447	91037.77	27	476180	105	87442	98.0	97.6	0.4	0.6	1.4	3817	NA
Fusarium_domesticum_NRRL_29976	3048	32578673	500	186155	4814	10688.54	397	24508	1442	5485	97.7	97.5	0.2	0.8	1.5	3817	NA
Fusarium_equiseti_D25-1	16	40776005	2316	8344890	555942	2548500.31	3	6178397	7	2783306	97.5	97.2	0.3	0.8	1.7	3817	NA
Fusarium_equiseti_NRRL_66338	643	39962548	487	1074466	8912	62150.15	47	237216	178	51867	97.8	97.4	0.4	0.8	1.4	3817	48.46
Fusarium_euwallaceae_HFEW-16-IV-019	287	48274071	514	4967455	6871	168202.34	9	1349055	40	205241	98.4	97.9	0.5	0.2	1.4	3817	NA
Fusarium_euwallaceae_NRRL_62626	1773	50550986	889	469083	5669	28511.55	161	87170	601	18247	97.7	97.2	0.5	0.5	1.8	3817	51.10
Fusarium_falciforme_NRRL_43529	3427	48199831	502	215061	6139	14064.73	416	33039	1549	7632	96.2	95.6	0.6	1.8	2.0	3817	NA
Fusarium_flagelliforme_NRRL_66336	1363	40439101	366	586681	3230	29669.19	94	131932	336	23492	97.9	97.4	0.5	0.7	1.4	3817	NA
Fusarium_floridanum_NRRL62606	1719	47429815	202	340447	13360	27591.52	234	59505	828	14732	94.8	94.3	0.5	0.7	4.5	3817	NA
Fusarium_floridanum_NRRL_62606	1719	47429815	202	340447	13360	27591.52	234	59505	828	14732	94.8	94.3	0.5	0.7	4.5	3817	51.39
Fusarium_foetens_NRRL_38302	3842	46264209	345	146011	5484	12041.70	490	27578	1839	5946	94.9	94.3	0.6	2.8	2.3	3817	NA
Fusarium_fracticaudum_CBS_137234	50	46252763	200	6330149	964	925055.26	5	4491441	11	2294545	98.4	98.1	0.3	0.5	1.1	3817	NA
Fusarium_fractiflexum_NRRL_43689	1442	44394491	275	483634	12972	30786.75	172	76001	638	17216	97.7	97.3	0.4	0.9	1.4	3817	NA
Fusarium_fujikuroi_IMI_58289	12	43832314	692922	6564208	3307243	3652692.83	5	4234805	10	2553298	97.9	97.6	0.3	0.7	1.4	3817	NA
Fusarium_gaditjirri_NRRL_45417	834	41888603	443	463582	16635	50226.14	95	134166	316	36935	97.9	97.7	0.2	0.7	1.4	3817	NA
Fusarium_globosum_NRRL_26131	1696	44598021	501	379382	8206	26296.00	193	71375	651	17655	96.9	96.6	0.3	1.3	1.8	3817	NA
Fusarium_goolgardi_NRRL_66250	1605	34842037	500	259954	10451	21708.43	227	47030	756	12688	97.6	97.4	0.2	0.9	1.5	3817	NA
Fusarium_graminearum_NRRL_31084	6	38047942	5846	11760891	8997558	6341323.67	2	9395062	4	7792947	98.3	98.1	0.2	0.3	1.4	3817	48.15
Fusarium_graminearum_PH-1	19	36458046	2080	11697295	7037	1918844.53	2	8914601	4	7713129	97.2	97.0	0.2	0.8	2.0	3817	NA
Fusarium_graminum_NRRL_20692	977	34983573	450	381609	14316	35807.14	123	86148	413	22417	97.9	97.7	0.2	0.8	1.3	3817	NA
Fusarium_guttiforme_NRRL_22945	1384	43290262	506	421246	11780	31279.09	167	80435	559	20645	97.1	96.8	0.3	1.3	1.6	3817	NA
Fusarium_hainanense_NRRL_66475	667	36640049	489	520889	28613	54932.61	85	127256	310	32622	97.8	97.6	0.2	0.8	1.4	3817	NA
Fusarium_heterosporum_NRRL_20693	793	35674141	500	823697	5017	44986.31	60	175877	221	40534	97.3	97.1	0.2	1.3	1.4	3817	NA
Fusarium_hostae_Hy9	3686	54581980	500	517507	3619	14807.92	188	64863	1311	6098	98.3	97.6	0.7	0.4	1.3	3817	NA
Fusarium_hostae_NRRL_29888	3090	46043499	452	369071	3085	14900.81	237	54891	1022	8599	98.0	97.6	0.4	0.7	1.3	3817	47.81
Fusarium_humuli_NRRL_66339	735	39161334	502	958135	4809	53280.73	57	204825	200	51396	97.9	97.5	0.4	0.7	1.4	3817	NA
Fusarium_illudens_NRRL_22090	3457	40316279	446	154285	5912	11662.22	492	24370	1690	6298	96.4	96.0	0.4	1.8	1.8	3817	NA
Fusarium_incarnatum_NRRL_66325	381	37491574	425	838863	20257	98403.08	40	306421	126	79727	97.9	97.7	0.2	0.7	1.4	3817	NA
Fusarium_irregulare_NRRL_31160	627	37441600	490	612545	21281	59715.47	74	152111	247	44441	97.8	97.5	0.3	0.6	1.6	3817	NA
Fusarium_kuroshium_UCR3666	1403	46636844	204	379168	10125	33240.80	158	91081	546	20426	93.9	93.5	0.4	0.3	5.8	3817	NA
Fusarium_kyushuense_NRRL_25348	325	36015118	513	1613530	53209	110815.75	41	251145	141	67445	98.2	97.9	0.3	0.5	1.3	3817	NA
Fusarium_langsethiae_Fl201059	1586	37543021	1003	829859	7077	23671.51	100	86515	652	9808	97.4	97.2	0.2	0.6	2.0	3817	NA
Fusarium_langsethiae_NRRL_53436	1586	37543021	1003	829859	7077	23671.51	100	86515	652	9808	97.4	97.2	0.2	0.6	2.0	3817	48.19
Fusarium_lateritium_NRRL_13622	1404	46885457	501	361455	18963	33394.20	203	68029	690	19886	97.5	97.1	0.4	0.8	1.7	3817	NA
Fusarium_longipes_NRRL_13317	285	35311369	432	1340997	7716	123899.54	25	449078	82	118256	98.0	97.8	0.2	0.5	1.5	3817	NA
Fusarium_longipes_NRRL_13368	492	35483747	506	1073645	30357	72121.44	59	167975	209	45114	97.7	97.4	0.3	0.7	1.6	3817	48.16
Fusarium_longipes_NRRL_13374	393	35309632	497	1033836	18137	89846.39	40	258370	134	74612	97.9	97.8	0.1	0.5	1.6	3817	48.11
Fusarium_luffae_NRRL_66473	1049	37413695	502	428963	17005	35666.06	137	80658	455	23768	97.3	97.0	0.3	1.1	1.6	3817	NA
Fusarium_lunatum_NRRL36168	3550	34177087	100	192150	5057	9627.35	517	20285	1733	5334	94.8	94.6	0.2	2.2	3.0	3817	48.96
Fusarium_lyarnte_NRRL_54252	1502	43920991	505	443876	10752	29241.67	171	74127	625	16743	97.8	97.5	0.3	0.8	1.4	3817	NA
Fusarium_mangiferae_MRC7560	254	46292722	933	4752789	1915	182254.81	7	2536721	19	767837	98.0	97.5	0.5	0.4	1.6	3817	NA
Fusarium_mangiferae_NRRL_25226	2060	48609885	446	429519	3706	23597.03	152	100034	600	14119	97.7	97.3	0.4	0.7	1.6	3817	48.71
Fusarium_meridionale_NRRL28723	287	36399802	201	1526710	42538	126828.58	31	392710	107	85496	98.1	97.9	0.2	0.6	1.3	3817	NA
Fusarium_metavorans_FSSC_6	103	46940970	1631	4887614	93028	455737.57	8	1729713	33	320817	96.3	95.6	0.7	1.6	2.1	3817	NA
Fusarium_mexicanum_NRRL_53147	958	44021866	432	597037	10029	45951.84	97	146662	322	36943	98.0	97.8	0.2	0.7	1.3	3817	NA
Fusarium_miscanthi_NRRL_26231	624	40939057	499	746825	28758	65607.46	83	154688	272	40818	97.8	97.5	0.3	0.8	1.4	3817	NA
Fusarium_mundagurra_NRRL_66235	1616	49121928	404	598384	6229	30397.23	129	113243	522	18622	97.6	97.0	0.6	0.9	1.5	3817	NA
Fusarium_musae_NRRL_25059	1114	42535726	428	307336	17404	38182.88	143	90865	464	26242	97.6	97.5	0.1	0.9	1.5	3817	NA
Fusarium_nanum_NRRL_66324	530	37152391	501	850564	10931	70098.85	54	214722	175	57742	97.9	97.7	0.2	0.6	1.5	3817	NA
Fusarium_napiforme_NRRL_25196	1411	42092515	501	306916	11094	29831.69	168	78351	564	20724	97.4	97.2	0.2	1.1	1.5	3817	NA
Fusarium_nectrioides_NRRL20689	1936	33809824	497	263290	7922	17463.75	243	40438	859	10096	97.0	96.8	0.2	1.1	1.9	3817	49.19
Fusarium_nelsonii_NRRL_13338	1534	41372681	487	586595	5498	26970.46	108	109004	481	14808	97.9	97.6	0.3	0.6	1.5	3817	NA
Fusarium_nematophilum_NRRL_54600	5027	52519516	462	191105	4732	10447.49	623	23342	2407	5273	95.5	94.5	1.0	2.4	2.1	3817	NA
Fusarium_neocosmosporiellum_NRRL22436	6843	48588826	334	128208	2286	7100.52	737	19209	2987	3014	95.3	94.6	0.7	2.5	2.2	3817	52.61
Fusarium_neocosmosporiellum_NRRL_22166	5494	54037528	397	187558	2663	9835.73	534	29423	2123	5372	96.7	95.8	0.9	1.7	1.6	3817	NA
Fusarium_newnesense_NRRL_66241	5456	48754646	247	110035	2975	8935.97	614	23488	2280	4700	91.3	90.8	0.5	4.6	4.1	3817	NA
Fusarium_nisikadoi_NRRL_25179	1085	40881803	488	815377	15248	37679.08	132	87107	460	23821	97.3	97.1	0.2	1.1	1.6	3817	NA
Fusarium_nodosum_NRRL_36351	320	35673764	500	1366920	56500	111480.51	41	258876	144	67988	97.9	97.7	0.2	0.6	1.5	3817	NA
Fusarium_nurragi_NRRL_36452	854	35480406	501	628733	12480	41546.14	88	114524	312	30282	98.2	98.0	0.2	0.6	1.2	3817	NA
Fusarium_nygamai_MRC8546	409	51615029	200	5319023	6131	126198.11	7	2761656	37	103158	98.0	97.5	0.5	0.6	1.4	3817	NA
Fusarium_odoratissimum_NRRL_54006	418	46553780	1014	4544391	3104	111372.68	12	1130391	54	160465	98.2	97.6	0.6	0.6	1.2	3817	NA
Fusarium_oxysporum_NRRL_32931	168	47906303	1002	5466126	2548	285156.57	5	4457292	12	1780681	97.9	97.2	0.7	0.5	1.6	3817	46.93
Fusarium_oxysporum_f._sp._lycopersici_4287	85	61386934	900	6854980	14354	722199.22	6	4589937	14	1838362	95.5	94.8	0.7	1.8	2.7	3817	NA
Fusarium_palustre_NRRL_54050	604	37016938	500	644263	17174	61286.32	59	191395	215	44669	98.1	97.9	0.2	0.6	1.3	3817	NA
Fusarium_penzigii_NRRL_20711	1247	36309415	504	380758	15973	29117.41	169	59560	616	16198	97.9	97.5	0.4	0.8	1.3	3817	NA
Fusarium_phaseoli_NRRL22389	1678	46203779	453	317211	9169	27535.03	194	72445	648	19135	96.9	96.3	0.6	1.2	1.9	3817	51.71
Fusarium_phaseoli_NRRL_22396	1483	46088838	475	552133	5673	31078.11	140	91209	503	24601	96.7	96.1	0.6	1.3	2.0	3817	NA
Fusarium_phyllophilum_NRRL_13617	1628	43389320	500	419288	5124	26651.92	155	87347	534	19738	97.6	97.4	0.2	1.0	1.4	3817	NA
Fusarium_pininemorale_CMW_25243	153	47778485	200	6144005	7778	312277.68	8	1474389	37	323795	98.4	98.1	0.3	0.4	1.2	3817	NA
Fusarium_plagianthii_NRRL22632	3595	37858713	431	188939	4949	10530.94	473	23220	1710	5459	95.8	95.4	0.4	2.2	2.0	3817	53.14
Fusarium_poae_2516	181	46476831	2082	11790407	24758	256778.07	3	8783590	26	101954	98.1	97.8	0.3	0.6	1.3	3817	NA
Fusarium_poae_NRRL_26941	2426	37750485	458	381289	2650	15560.79	167	62120	716	8612	97.2	97.0	0.2	1.0	1.8	3817	47.83
Fusarium_praegraminearum_NRRL_39664	481	35314756	504	752744	27091	73419.45	56	200998	189	48804	97.8	97.6	0.2	0.7	1.5	3817	NA
Fusarium_proliferatum_ET1	32	45210324	2215	6348331	747996	1412822.62	5	3311891	13	1411884	98.0	97.6	0.4	0.5	1.5	3817	NA
Fusarium_protoensiforme_NRRL_22178	1682	45455580	383	590697	8319	27024.72	171	76035	628	18904	97.2	96.7	0.5	0.9	1.9	3817	NA
Fusarium_pseudoanthophilum_NRRL_25211	1816	42829214	442	311277	8685	23584.37	218	62432	733	15541	97.4	97.2	0.2	0.9	1.7	3817	NA
Fusarium_pseudocircinatum_NRRL_36939	1040	43320561	510	530622	9815	41654.39	110	118013	369	30048	97.4	97.1	0.3	0.9	1.7	3817	NA
Fusarium_pseudograminearum_CS3096	281	36973259	502	11688822	1323	131577.43	2	8840934	4	7724594	98.2	98.1	0.1	0.4	1.4	3817	NA
Fusarium_pseudograminearum_NRRL_28062	26	37070975	1258	11834931	12272	1425806.73	2	8944178	4	7873615	98.2	98.0	0.2	0.4	1.4	3817	47.68
Fusarium_pseudonygamai_NRRL_13592	2619	42198904	247	279036	2353	16112.60	259	50630	868	12998	94.4	94.2	0.2	2.4	3.2	3817	NA
Fusarium_ramigenum_NRRL_25208	1577	46511936	494	290922	9281	29493.94	161	87353	595	19144	97.7	97.2	0.5	0.9	1.4	3817	NA
Fusarium_redolens_NRRL_22901	3052	50980663	452	593607	3091	16704.02	148	85057	919	7538	97.8	97.1	0.7	0.7	1.5	3817	NA
Fusarium_rusci_NRRL_22134	1595	32968512	503	184826	11683	20669.91	237	42224	788	11938	97.4	97.1	0.3	1.0	1.6	3817	52.70
Fusarium_sacchari_NRRL_66326	515	42751345	203	997752	42428	83012.32	63	187816	230	50180	98.1	97.8	0.3	0.5	1.4	3817	NA
Fusarium_sambucinum_F-4	961	37784234	200	1044100	656	39317.62	64	180967	199	56543	97.8	97.6	0.2	0.7	1.5	3817	NA
Fusarium_sambucinum_NRRL_13708	515	37499189	497	704916	33303	72813.96	64	174069	220	50302	97.9	97.6	0.3	0.7	1.4	3817	47.80
Fusarium_sarcochroum_NRRL_20472	1849	46449918	500	228590	12489	25121.64	254	55061	841	15641	97.2	96.9	0.3	1.1	1.7	3817	NA
Fusarium_scirpi_NRRL_66328	587	39626180	402	1500036	2303	67506.27	43	301530	135	73123	97.5	97.2	0.3	0.8	1.7	3817	NA
Fusarium_secorum_NRRL_62593	6851	51208246	473	263960	2282	7474.57	488	25560	2990	2787	96.1	95.3	0.8	1.6	2.3	3817	NA
Fusarium_setosum_NRRL_36526	3402	46212637	380	178952	5334	13583.96	419	33111	1445	8461	93.8	93.2	0.6	3.0	3.2	3817	NA
Fusarium_sibiricum_NRRL_53430	3011	40622015	502	328215	3575	13491.20	214	48317	1149	6072	97.8	97.5	0.3	0.7	1.5	3817	NA
Fusarium_solani_JS-169	17	45813297	2006	8749402	2611553	2694899.82	4	4934405	9	2611553	93.9	93.6	0.3	3.1	3.0	3817	NA
Fusarium_sp._190-020-2	898	50196770	1002	2415587	5138	55898.41	25	539468	171	34617	98.2	97.6	0.6	0.5	1.3	3817	NA
Fusarium_sp._AF-4_NRRL62579	1171	48659138	1002	1163240	5315	41553.49	93	158082	331	32552	93.0	92.5	0.5	3.9	3.1	3817	NA
Fusarium_sp._AF-4_NRRL_62579	1171	48659138	1002	1163240	5315	41553.49	93	158082	331	32552	93.0	92.5	0.5	3.9	3.1	3817	51.28
Fusarium_sp._AF-6_NRRL62590	1182	43121288	205	305932	21780	36481.63	187	69814	621	19957	95.8	95.5	0.3	0.5	3.7	3817	NA
Fusarium_sp._AF-6_NRRL_62590	1182	43121288	205	305932	21780	36481.63	187	69814	621	19957	95.8	95.5	0.3	0.5	3.7	3817	51.43
Fusarium_sp._AF-8_NRRL62584	1006	47520037	1000	814548	8789	47236.62	81	168109	320	32896	97.8	97.4	0.4	0.7	1.5	3817	NA
Fusarium_sp._AF-8_NRRL_62584	1006	47520037	1000	814548	8789	47236.62	81	168109	320	32896	97.8	97.4	0.4	0.7	1.5	3817	50.94
Fusarium_sp._BWC	435	42105543	301	2037938	1183	96794.35	24	478824	89	129088	98.0	97.8	0.2	0.6	1.4	3817	NA
Fusarium_sp._DS_682	11597	56063992	300	215770	834	4834.35	594	24924	3573	1926	96.7	96.2	0.5	1.6	1.7	3817	NA
Fusarium_sp._JS1030	107	53748257	1010	2505574	259089	502320.16	16	1247471	45	409772	98.4	97.7	0.7	0.4	1.2	3817	NA
Fusarium_sp._JS626	63	42866936	1014	5443851	237638	680427.56	7	1702654	23	588069	97.4	97.1	0.3	0.8	1.8	3817	NA
Fusarium_sp._KOD_1611	5049	38904783	437	132489	3283	7705.44	657	17848	2317	4166	96.9	96.7	0.2	1.3	1.8	3817	NA
Fusarium_sp._NRRL_22101	4875	65634495	250	177282	6535	13463.49	629	29284	2284	7553	94.7	93.3	1.4	2.9	2.4	3817	NA
Fusarium_sp._NRRL_25184	2609	48354098	495	312392	4691	18533.58	227	59656	934	10480	97.3	96.8	0.5	1.3	1.4	3817	NA
Fusarium_sp._NRRL_25303	941	43724536	510	415943	24775	46466.03	127	102206	445	28531	98.2	97.9	0.3	0.7	1.1	3817	NA
Fusarium_sp._NRRL_29148	2621	40716253	447	139730	8408	15534.63	389	32377	1287	8774	96.8	96.6	0.2	1.2	2.0	3817	NA
Fusarium_sp._NRRL_47473	1043	43442711	388	635392	15059	41651.69	117	108819	403	30477	97.9	97.6	0.3	0.7	1.4	3817	NA
Fusarium_sp._NRRL_52700	528	42989975	203	1312592	2960	81420.41	31	411744	109	109060	98.2	97.9	0.3	0.6	1.2	3817	NA
Fusarium_sp._NRRL_53293	859	43979131	502	516705	24718	51198.06	122	110479	393	30747	98.0	97.7	0.3	0.8	1.2	3817	NA
Fusarium_sp._NRRL_53497	882	44200128	490	572221	12938	50113.52	93	145770	315	33001	98.1	97.7	0.4	0.6	1.3	3817	NA
Fusarium_sp._NRRL_62610	12062	46117750	311	87514	2130	3823.39	1898	6971	7034	1592	83.0	82.6	0.4	9.1	7.9	3817	NA
Fusarium_sp._NRRL_62941	4472	48125938	294	149679	3531	10761.61	507	28066	1824	6407	93.2	92.7	0.5	3.5	3.3	3817	NA
Fusarium_sp._NRRL_62944	8878	47993716	208	89796	2590	5405.92	1235	11458	4583	2425	85.1	84.6	0.5	7.8	7.1	3817	NA
Fusarium_sp._NRRL_62957	18524	43824757	316	34966	1468	2365.84	3475	3722	12456	968	67.1	66.7	0.4	14.7	18.2	3817	NA
Fusarium_sp._NRRL_66088	4445	48686069	480	234642	1122	10953.00	304	46149	1201	7634	97.1	96.5	0.6	1.2	1.7	3817	NA
Fusarium_sp._NRRL_66182	16970	48025651	236	309360	854	2830.03	336	36312	9663	800	97.1	95.2	1.9	1.2	1.7	3817	NA
Fusarium_sp._NRRL_66894	4667	52557575	410	250329	2839	11261.53	348	42895	1747	4946	97.5	96.6	0.9	1.1	1.4	3817	NA
Fusarium_sp._NRRL_66896	4532	50697708	371	281099	2681	11186.61	315	46074	1653	4720	97.7	96.9	0.8	0.9	1.4	3817	NA
Fusarium_sp._Na10	971	46623205	493	1203765	2533	48015.66	47	264892	180	60466	98.4	98.1	0.3	0.4	1.2	3817	NA
Fusarium_sp._QHM	435	42105543	301	2037938	1183	96794.35	24	478824	89	129088	98.0	97.8	0.2	0.6	1.4	3817	NA
Fusarium_sp._flavolapis_MK7	88	45013400	508	4927059	4428	511515.91	6	3245669	14	1254988	98.1	97.7	0.4	0.5	1.4	3817	NA
Fusarium_sporotrichioides_NRRL_3299	446	37429079	501	1196983	26908	83921.70	51	235034	166	64837	97.9	97.6	0.3	0.7	1.4	3817	NA
Fusarium_staphyleae_NRRL_22316	1220	32054995	501	239751	12477	26274.59	160	63308	518	17884	97.4	97.1	0.3	0.9	1.7	3817	51.21
Fusarium_sterilihyphosum_NRRL_25623	2178	46885414	412	572437	3606	21526.82	171	74938	689	14256	96.5	96.2	0.3	1.6	1.9	3817	NA
Fusarium_stilboides_NRRL_20429	978	46266392	476	502684	19338	47307.15	124	112927	397	33382	97.8	97.4	0.4	0.8	1.4	3817	NA
Fusarium_subglutinans_NRRL_66333	905	44178338	202	1016650	7796	48815.84	67	181117	275	40301	98.5	98.2	0.3	0.5	1.0	3817	NA
Fusarium_sublunatum_NRRL_13384	986	35749494	436	479192	10417	36257.09	107	102920	363	25993	97.9	97.7	0.2	0.7	1.4	3817	NA
Fusarium_subtropicale_NRRL_66764	1080	35376741	492	483090	8471	32756.24	116	92578	396	24345	97.4	97.2	0.2	1.1	1.5	3817	NA
Fusarium_succisae_NRRL_13298	538	45415709	206	1260507	6648	84415.82	41	329061	144	87791	98.6	98.2	0.4	0.3	1.1	3817	NA
Fusarium_tanahbumbuense_NRRL_66471	1049	37800359	502	364853	16898	36034.66	135	85566	460	23548	97.4	97.1	0.3	1.0	1.6	3817	NA
Fusarium_temperatum_CMWF389	43	45458781	214	5220104	12069	1057180.95	5	4506647	12	1305649	98.3	98.0	0.3	0.4	1.3	3817	NA
Fusarium_thapsinum_NRRL_22049	384	40876319	203	1376360	31176	106448.75	39	321487	142	75932	98.3	98.1	0.2	0.4	1.3	3817	NA
Fusarium_tjaetaba_NRRL_66243	867	43094252	501	623453	11293	49705.02	87	151678	297	38787	97.8	97.6	0.2	0.7	1.5	3817	NA
Fusarium_torreyae_NRRL_54149	1243	35989036	501	246303	14257	28953.37	172	62415	586	16127	98.0	97.7	0.3	0.6	1.4	3817	NA
Fusarium_torulosum_NRRL_22747	1339	41267772	470	463555	9281	30819.84	134	91627	492	19467	97.8	97.5	0.3	0.6	1.6	3817	NA
Fusarium_transvaalense_NRRL_31008	1088	37877147	490	528300	7150	34813.55	94	114404	358	25474	97.4	97.1	0.3	0.9	1.7	3817	NA
Fusarium_tricinctum_	23	42796142	16129	5080745	1532427	1860701.83	6	2710832	15	1246557	98.5	98.2	0.3	0.3	1.2	3817	NA
Fusarium_tricinctum_NRRL_25481	1032	41025305	503	400592	20174	39753.20	141	87772	495	22070	98.2	97.9	0.3	0.6	1.2	3817	48.69
Fusarium_tuaranense_NRRL_46518	3977	48885884	266	223997	3960	12292.15	440	32646	1604	7213	95.5	95.2	0.3	2.1	2.4	3817	NA
Fusarium_tucumaniae_NRRL_31096	15093	48383620	200	101013	649	3205.70	1267	10654	5314	1599	88.7	88.3	0.4	7.5	3.8	3817	NA
Fusarium_tupiense_NRRL_53984	1664	45516439	309	359829	4645	27353.63	162	88403	542	21031	97.6	97.3	0.3	1.0	1.4	3817	NA
Fusarium_udum_F-02845	712	56380608	501	6511407	1925	79186.25	5	5402168	18	159589	96.4	96.1	0.3	1.8	1.8	3817	NA
Fusarium_vanettenii_77-13-4	209	51286497	865	4937060	37492	245389.94	10	1255602	56	96667	98.3	97.7	0.6	0.4	1.3	3817	NA
Fusarium_venenatum_A3_5	6	38660186	9545	11988928	9101081	6443364.33	2	9140027	4	8341993	98.3	98.1	0.2	0.5	1.2	3817	NA
Fusarium_venenatum_NRRL_66329	616	37962643	445	605662	21957	61627.67	66	177783	244	39924	98.0	97.7	0.3	0.6	1.4	3817	47.80
Fusarium_ventricosum_NRRL13953	4361	34600302	473	165553	4168	7934.03	616	16109	2251	3886	94.8	94.4	0.4	2.6	2.6	3817	52.55
Fusarium_ventricosum_NRRL20846	2995	35519037	423	237503	6224	11859.44	418	24152	1518	6037	95.7	95.3	0.4	1.8	2.5	3817	52.69
Fusarium_ventricosum_NRRL_25729	1717	36526469	505	358313	9790	21273.42	208	48148	775	12304	97.7	97.2	0.5	0.7	1.6	3817	NA
Fusarium_verrucosum_NRRL_22566	767	34167378	503	388152	23710	44546.78	110	96156	362	26388	98.0	97.8	0.2	0.9	1.1	3817	NA
Fusarium_verticillioides_7600	22	41844914	21863	6219215	2040847	1902041.55	5	4236349	10	2262009	97.8	97.7	0.1	0.7	1.5	3817	NA
Fusarium_virguliforme_Mont-1	3098	50448805	1000	423325	2535	16284.31	200	72747	957	8457	96.0	95.4	0.6	2.0	2.0	3817	NA
Fusarium_virguliforme_NRRL22276	4368	43676991	463	221914	5115	9999.31	599	21055	2191	5090	95.2	94.6	0.6	2.4	2.4	3817	54.23
Fusarium_virguliforme_NRRL_31041	3852	45367990	494	279344	4387	11777.78	416	30734	1642	6064	96.0	95.5	0.5	2.0	2.0	3817	53.09
Fusarium_xylarioides_KSU18978	424	55241615	528	1269575	84776	130286.83	67	250211	209	87719	98.4	98.1	0.3	0.6	1.0	3817	NA
Fusarium_xylarioides_NRRL_25486	2987	44007190	450	155432	7435	14732.91	417	31853	1420	8160	97.9	97.7	0.2	0.8	1.3	3817	48.24
Fusarium_xyrophilum_NRRL_62721	5229	39592218	454	132542	2841	7571.66	655	18627	2336	3941	97.4	97.3	0.1	0.9	1.7	3817	NA
Fusarium_zanthoxyli_NRRL_66285	2368	40855407	409	501797	5109	17253.13	219	52998	901	9394	97.6	97.5	0.1	0.7	1.7	3817	NA
Fusarium_zealandicum_NRRL_22465	1836	33536579	500	257206	8516	18266.11	241	43137	813	11183	97.0	96.8	0.2	1.2	1.8	3817	NA
Ilyonectria_destructans_C1	3253	60403714	500	2087327	1232	18568.62	50	278459	486	12972	98.5	96.9	1.6	0.1	1.4	3817	NA
Ilyonectria_mors-panacis_g3b	145	61489895	12370	2825696	181409	424068.24	20	1010206	62	290232	89.6	88.6	1.0	6.0	4.4	3817	NA
Microcyclospora_tardicrescens_HJS1936	1069	26203433	483	746785	2533	24512.10	45	169506	195	16153	71.9	71.5	0.4	4.1	24.0	3817	NA
Nectria_sp._B-13	1716	62835183	200	6283130	279	36617.24	12	1522097	52	206843	97.9	96.9	1.0	0.3	1.8	3817	NA
Neonectria_coccinea_NRRL_20485	2793	39591264	314	193498	6912	14175.18	356	31624	1295	8002	96.1	95.8	0.3	1.4	2.5	3817	NA
Neonectria_ditissima_RS_324p	172	44950817	921	4044527	5344	261341.96	8	1813609	25	500305	97.9	97.5	0.4	0.4	1.7	3817	NA
Neonectria_galligena_NRRL_20487	3306	41003302	291	176885	4860	12402.69	387	31378	1404	7297	96.3	95.9	0.4	1.6	2.1	3817	NA
Neonectria_hederae_CBS_714.97	508	43285801	505	802095	23773	85208.27	54	248959	184	61721	97.7	97.4	0.3	0.5	1.8	3817	NA
Neonectria_punicea_CBS_119724	1779	41474825	504	342677	5327	23313.56	180	69918	630	15837	96.6	96.3	0.3	1.4	2.0	3817	NA
Neonectria_sp._DH2	43	45828622	4875	5082802	752433	1065781.91	8	1899891	22	752433	95.6	95.0	0.6	1.6	2.8	3817	NA
Paramyrothecium_roridum_NRRL_2183	2310	45146022	306	320071	5545	19543.73	240	54581	864	13524	94.8	94.2	0.6	1.6	3.6	3817	NA
Pseudonectria_buxi_AR2414	342	27921820	519	783162	12511	81642.75	33	296186	105	65938	97.9	97.6	0.3	0.4	1.7	3817	NA
Pseudonectria_foliicola_JAC18-02	233	28489897	509	861355	68878	122274.24	33	281033	101	95657	97.7	97.4	0.3	0.4	1.9	3817	NA
Stylonectria_norvegica_IHI_201603	1040	35092433	1045	294136	22537	33742.72	180	59102	611	17619	93.7	93.4	0.3	2.7	3.6	3817	NA
Thelonectria_rubi_CBS_177.27	669	44622955	505	1453506	8148	66700.98	47	303677	165	53598	98.0	97.6	0.4	0.2	1.8	3817	NA
Trichoderma_arundinaceum_IBT_40837	1370	36872412	505	270895	12408	26914.17	171	61935	627	15241	96.7	96.4	0.3	1.7	1.6	3817	NA
Trichoderma_brevicompactum_IBT_40841	1404	37043505	493	279149	12661	26384.26	184	58500	658	14481	97.3	97.0	0.3	1.1	1.6	3817	NA
Trichothecium_ovalisporum_DAOM_186447	1632	32127980	449	249199	5693	19686.26	168	53701	616	12884	97.5	97.1	0.4	0.7	1.8	3817	NA
Trichothecium_roseum_DAOM_195227	1466	33892147	464	472781	2927	23118.79	127	78112	462	18936	97.6	97.2	0.4	0.6	1.8	3817	NA
Trichothecium_sympodiale_DAOM_209012	1154	34125701	467	650270	1873	29571.66	62	168957	230	33978	97.6	97.2	0.4	0.6	1.8	3817	NA
Xenoacremonium_recifei_IHEM_4405	501	41618332	244	2696139	3114	83070.52	21	561915	85	73581	98.5	97.9	0.6	0.3	1.2	3817	NA
